group,period,premiums,premiums_written,insurance_revenue,acquisition_cash_flows,incurred_claims,incurred_risk_adjustment,claims_paid,closing_lic_pv,closing_lic_ra,finance_expenses,finance_expenses_in_oci,other_insurance_service_expenses,fulfilment_cash_flows_remaining
Motor 2026,Jan,100000.0,100000.0,4167.0,15000.0,2584.0,114.0,1163.0,1421.0,114.0,0.0,0,167.0,69000.0
Motor 2026,Feb,95000.0,95000.0,12292.0,14250.0,7129.0,314.0,3983.0,4573.0,366.0,6.0,0,492.0,128550.0
Motor 2026,Mar,105000.0,105000.0,20625.0,15750.0,13612.0,599.0,8652.0,9551.0,764.0,18.0,0,825.0,189300.0
Motor 2026,Apr,110000.0,110000.0,29583.0,16500.0,17750.0,781.0,13399.0,12440.0,995.0,38.0,0,1183.0,247200.0
Motor 2026,May,100000.0,100000.0,38333.0,15000.0,27216.0,1198.0,20327.0,19379.0,1550.0,50.0,0,1533.0,291600.0
Motor 2026,Jun,90000.0,90000.0,46250.0,13500.0,26362.0,1160.0,24051.0,21768.0,1741.0,78.0,0,1850.0,323100.0
Motor 2026,Jul,100000.0,100000.0,54167.0,15000.0,34125.0,1502.0,29122.0,29358.0,2349.0,87.0,0,2167.0,356100.0
Motor 2026,Aug,105000.0,105000.0,62708.0,15750.0,36998.0,1628.0,33562.0,32911.0,2633.0,117.0,0,2508.0,386550.0
Motor 2026,Sep,110000.0,110000.0,71667.0,16500.0,48734.0,2144.0,40785.0,40992.0,3279.0,132.0,0,2867.0,414150.0
Motor 2026,Oct,115000.0,115000.0,81042.0,17250.0,49436.0,2175.0,45829.0,41763.0,3341.0,164.0,0,3242.0,438600.0
Motor 2026,Nov,120000.0,120000.0,90833.0,18000.0,58133.0,2558.0,52001.0,48062.0,3845.0,167.0,0,3633.0,459600.0
Motor 2026,Dec,130000.0,130000.0,101250.0,19500.0,60750.0,2673.0,57066.0,51938.0,4155.0,192.0,0,4050.0,480300.0
Fire 2026,Jan,40000.0,40000.0,1667.0,8000.0,1300.0,78.0,390.0,910.0,91.0,0.0,0,83.0,32966.0
Fire 2026,Feb,38000.0,38000.0,4917.0,7600.0,4524.0,271.0,1747.0,3687.0,369.0,0.0,0,246.0,61418.0
Fire 2026,Mar,42000.0,42000.0,8250.0,8400.0,5775.0,346.0,3415.0,6047.0,605.0,0.0,0,412.0,90443.0
Fire 2026,Apr,45000.0,45000.0,11875.0,9000.0,10094.0,606.0,6087.0,10054.0,1005.0,0.0,0,594.0,118930.0
Fire 2026,May,40000.0,40000.0,15417.0,8000.0,16959.0,1018.0,10238.0,16775.0,1678.0,0.0,0,771.0,140072.0
Fire 2026,Jun,36000.0,36000.0,18583.0,7200.0,13751.0,825.0,12603.0,17923.0,1792.0,0.0,0,929.0,155050.0
Fire 2026,Jul,40000.0,40000.0,21750.0,8000.0,17400.0,1044.0,15099.0,20224.0,2022.0,0.0,0,1088.0,170745.0
Fire 2026,Aug,42000.0,42000.0,25167.0,8400.0,22147.0,1329.0,17846.0,24525.0,2452.0,0.0,0,1258.0,185222.0
Fire 2026,Sep,44000.0,44000.0,28750.0,8800.0,21850.0,1311.0,19612.0,26763.0,2676.0,0.0,0,1438.0,198337.0
Fire 2026,Oct,46000.0,46000.0,32500.0,9200.0,30875.0,1852.0,23964.0,33674.0,3367.0,0.0,0,1625.0,209947.0
Fire 2026,Nov,48000.0,48000.0,36417.0,9600.0,29862.0,1792.0,27006.0,36530.0,3653.0,0.0,0,1821.0,219908.0
Fire 2026,Dec,50000.0,50000.0,40500.0,10000.0,31995.0,1920.0,29553.0,38972.0,3897.0,0.0,0,2025.0,228078.0
Motor quota share,Jan,22500.0,,938.0,,775.0,34.0,349.0,426.0,34.0,0.0,0,,
Motor quota share,Feb,21375.0,,2766.0,,2139.0,94.0,1195.0,1372.0,110.0,2.0,0,,
Motor quota share,Mar,23625.0,,4641.0,,4084.0,180.0,2596.0,2865.0,229.0,5.0,0,,
Motor quota share,Apr,24750.0,,6656.0,,5325.0,234.0,4020.0,3732.0,298.0,11.0,0,,
Motor quota share,May,22500.0,,8625.0,,8165.0,359.0,6098.0,5814.0,465.0,15.0,0,,
Motor quota share,Jun,20250.0,,10406.0,,7909.0,348.0,7215.0,6530.0,522.0,23.0,0,,
Motor quota share,Jul,22500.0,,12188.0,,10238.0,451.0,8737.0,8807.0,705.0,26.0,0,,
Motor quota share,Aug,23625.0,,14109.0,,11099.0,488.0,10069.0,9873.0,790.0,35.0,0,,
Motor quota share,Sep,24750.0,,16125.0,,14620.0,643.0,12236.0,12298.0,984.0,40.0,0,,
Motor quota share,Oct,25875.0,,18234.0,,14831.0,652.0,13749.0,12529.0,1002.0,49.0,0,,
Motor quota share,Nov,27000.0,,20437.0,,17440.0,767.0,15600.0,14419.0,1154.0,50.0,0,,
Motor quota share,Dec,29250.0,,22781.0,,18225.0,802.0,17120.0,15581.0,1246.0,58.0,0,,
